ID_Modelo;Tamanho;Codigo_Barras
SAND.HAV.ALOHABCO/BCO/VDOLIVE;37/38;7909989703533
SAND.HAV.ALOHABCO/BCO/VDOLIVE;39/40;7909989703540
SAND.HAV.ALOHABCO/BCO/VDOLIVE;41/42;7909989703557
SAND.HAV.ALOHABCO/BCO/VDOLIVE;43/44;7909989703564
SAND.HAV.ALOHABEGEPALHA;37/38;7909843684473
SAND.HAV.ALOHABEGEPALHA;43/44;7909843684749
SAND.HAV.ALOHAMAR/MAR/MARINHO;37/38;7909989703717
SAND.HAV.ALOHAMAR/MAR/MARINHO;39/40;7909989703724
SAND.HAV.ALOHAMAR/MAR/MARINHO;41/42;7909989703731
SAND.HAV.ALOHAMAR/MAR/MARINHO;43/44;7909989703748
SAND.HAV.ALOHAPTO/PTO/CINZA;37/38;7909989691397
SAND.HAV.ALOHAPTO/PTO/CINZA;39/40;7909989691403
SAND.HAV.ALOHAPTO/PTO/CINZA;41/42;7909989691410
SAND.HAV.ALOHAPTO/PTO/CINZA;43/44;7909989691427
SAND.HAV.ALOHAPTO/PTO/PTO;35/36;7909843685081
SAND.HAV.ALOHAPTO/PTO/PTO;37/38;7909843685098
SAND.HAV.BABYBRASILLOG.AM.POP/AMAZ;17/18;7909843417163
SAND.HAV.BABYBRASILLOG.AM.POP/AMAZ;20;7909843417187
SAND.HAV.BABYBRASILLOG.CORAL/RS;17/18;7909989755914
SAND.HAV.BABYBRASILLOG.CORAL/RS;22;7909989755952
SAND.HAV.BABYDISNEYCLAS.AZ/AZBRI;17/18;7909989834923
SAND.HAV.BABYDISNEYCLAS.AZ/AZBRI;19;7909989834930
SAND.HAV.BABYDISNEYCLAS.AZ/AZBRI;20;7909989834947
SAND.HAV.BABYDISNEYCLAS.AZ/AZBRI;21;7909989834954
SAND.HAV.BABYDISNEYCLAS.AZ/AZBRI;22;7909989834961
SAND.HAV.BABYDISNEYCLAS.BUTTERCR;17/18;7909989834978
SAND.HAV.BABYDISNEYCLAS.BUTTERCR;19;7909989834985
SAND.HAV.BABYDISNEYCLAS.BUTTERCR;20;7909989834992
SAND.HAV.BABYDISNEYCLAS.BUTTERCR;21;7909989835005
SAND.HAV.BABYDISNEYCLAS.BUTTERCR;22;7909989835012
SAND.HAV.BABYDISNEYCLAS.ROSAGLOW;17/18;7909989835029
SAND.HAV.BABYDISNEYCLAS.ROSAGLOW;19;7909989835036
SAND.HAV.BABYDISNEYCLAS.ROSAGLOW;20;7909989835043
SAND.HAV.BABYDISNEYCLAS.ROSAGLOW;21;7909989835050
SAND.HAV.BABYDISNEYCLAS.ROSAGLOW;22;7909989835067
SAND.HAV.BABYDISNEYCLASS.AM.POP;17/18;7909989415009
SAND.HAV.BABYDISNEYCLASS.AM.POP;19;7909989415016
SAND.HAV.BABYDISNEYCLASS.AM.POP;20;7909989415023
SAND.HAV.BABYDISNEYCLASS.AM.POP;21;7909989415030
SAND.HAV.BABYDISNEYCLASS.LAVFRES;19;7909989016732
SAND.HAV.BABYDISNEYCLASS.RSVERM;17/18;7909989415078
SAND.HAV.BABYDISNEYCLASS.RSVERM;19;7909989415085
SAND.HAV.BABYDISNEYCLASS.RSVERM;20;7909989415092
SAND.HAV.BABYDISNEYCLASS.RSVERM;21;7909989415108
SAND.HAV.BABYDISNEYCLASS.RSVERM;22;7909989415115
SAND.HAV.BABYMARV.VDPATRIA;21;7909989028377
SAND.HAV.BABYMARV.VMRUBI;19;7909989028285
SAND.HAV.BABYPALETTEGLOWAZ/NV;20;7909843907060
SAND.HAV.BABYPEPPAPIGLAVANDA;17/18;7909989503553
SAND.HAV.BABYPEPPAPIGLAVANDA;19;7909989503560
SAND.HAV.BABYPEPPAPIGLAVANDA;20;7909989503577
SAND.HAV.BABYPEPPAPIGLAVANDA;21;7909989503584
SAND.HAV.BABYPEPPAPIGBUTT/CORAL;20;7909989745960
SAND.HAV.BABYPEPPAPIGBUTT/CORAL;22;7909989745984
SAND.HAV.BABYPEPPAPIGBUTTERCREAM;17/18;7909989503621
SAND.HAV.BABYPEPPAPIGBUTTERCREAM;19;7909989503638
SAND.HAV.BABYPEPPAPIGBUTTERCREAM;20;7909989503645
SAND.HAV.BABYPEPPAPIGBUTTERCREAM;21;7909989503652
SAND.HAV.BRASILAZULNAVAL;33/34;7890557699221
SAND.HAV.BRASILAZULNAVAL;35/36;7890557699337
SAND.HAV.BRASILAZULNAVAL;37/38;7890557699344
SAND.HAV.BRASILAZULNAVAL;39/40;7890557699498
SAND.HAV.BRASILAZULNAVAL;41/42;7890557699504
SAND.HAV.BRASILAZULNAVAL;43/44;7890557699511
SAND.HAV.BRASILAZULNAVAL;45/46;7890557699528
SAND.HAV.BRASILBRANCA;33/34;7895265145282
SAND.HAV.BRASILBRANCA;35/36;7895265145299
SAND.HAV.BRASILBRANCA;37/38;7895265145305
SAND.HAV.BRASILBRANCA;39/40;7895265145312
SAND.HAV.BRASILBRANCA;41/42;7895265145329
SAND.HAV.BRASILBRANCA;43/44;7895265145336
SAND.HAV.BRASILBRANCA;45/46;7895265757799
SAND.HAV.BRASILLOGOAMAR.POP;35/36;7909843310488
SAND.HAV.BRASILLOGOAMAR.POP;37/38;7909843310495
SAND.HAV.BRASILLOGOAMAR.POP;39/40;7909843310501
SAND.HAV.BRASILLOGOAMAR.POP;41/42;7909843310518
SAND.HAV.BRASILLOGOAMAR.POP;43/44;7909843310525
SAND.HAV.BRASILLOGOAZULNAVAL;35/36;7895265369794
SAND.HAV.BRASILLOGOAZULNAVAL;37/38;7895265369800
SAND.HAV.BRASILLOGOAZULNAVAL;39/40;7895265369817
SAND.HAV.BRASILLOGOAZULNAVAL;41/42;7895265369824
SAND.HAV.BRASILLOGOAZULNAVAL;43/44;7895265369831
SAND.HAV.BRASILLOGOBRANCO;33/34;7891109342343
SAND.HAV.BRASILLOGOBRANCO;35/36;7891109342350
SAND.HAV.BRASILLOGOBRANCO;37/38;7891109342367
SAND.HAV.BRASILLOGOBRANCO;39/40;7891109342374
SAND.HAV.BRASILLOGOBRANCO;41/42;7891109342381
SAND.HAV.BRASILLOGOBRANCO;43/44;7891109342398
SAND.HAV.BRASILLOGOVERDE/AMAR;33/34;7909989826614
SAND.HAV.BRASILLOGOVERDE/AMAR;35/36;7909989826621
SAND.HAV.BRASILLOGOVERDE/AMAR;37/38;7909989826638
SAND.HAV.BRASILLOGOVERDE/AMAR;39/40;7909989826645
SAND.HAV.BRASILLOGOVERDE/AMAR;41/42;7909989826652
SAND.HAV.BRASILLOGOVERDE/AMAR;43/44;7909989826669
SAND.HAV.BRASILMARINHO;33/34;7890557571633
SAND.HAV.BRASILMARINHO;35/36;7890557571640
SAND.HAV.BRASILMARINHO;37/38;7890557571657
SAND.HAV.BRASILMARINHO;39/40;7890557571664
SAND.HAV.BRASILMARINHO;41/42;7890557571671
SAND.HAV.BRASILMARINHO;43/44;7890557571688
SAND.HAV.BRASILPRETO;33/34;7895265700320
SAND.HAV.BRASILPRETO;35/36;7895265700337
SAND.HAV.BRASILPRETO;37/38;7895265700344
SAND.HAV.BRASILPRETO;39/40;7895265700351
SAND.HAV.BRASILPRETO;41/42;7895265700368
SAND.HAV.BRASILPRETO;43/44;7895265700375
SAND.HAV.BRASILPRETO;45/46;7895265788915
SAND.HAV.BRASIL10AM.CITRICO;39/40;7909843582588
SAND.HAV.BRASIL10AM.CITRICO;41/42;7909843582595
SAND.HAV.CITYBASICDOUR/CAFE/DOUR;37/8;7909989767825
SAND.HAV.CITYBASICDOUR/CAFE/DOUR;39/0;7909989767832
SAND.HAV.CITYBASICDOUR/CAFE/DOUR;41/2;7909989767849
SAND.HAV.CITYBASICDOUR/CAFE/DOUR;43/4;7909989767856
SAND.HAV.CITYBASICPTO/PTO/CZACO;37/38;7909989702697
SAND.HAV.CITYBASICPTO/PTO/CZACO;39/40;7909989702703
SAND.HAV.CITYBASICPTO/PTO/CZACO;41/42;7909989702710
SAND.HAV.CITYBASICPTO/PTO/CZACO;43/44;7909989702727
SAND.HAV.CITYBASICVDOL/VD;37/8;7909989767771
SAND.HAV.CITYBASICVDOL/VD;39/0;7909989767788
SAND.HAV.CITYBASICVDOL/VD;41/2;7909989767795
SAND.HAV.CITYBASICVDOL/VD;43/4;7909989767801
SAND.HAV.COLORAZULNAVAL;23/24;7891109789759
SAND.HAV.COLORAZULNAVAL;25/26;7891109789766
SAND.HAV.COLORAZULNAVAL;27/28;7891109789773
SAND.HAV.COLORAZULNAVAL;29/30;7891109789780
SAND.HAV.COLORAZULNAVAL;31/32;7891109789797
SAND.HAV.COLORAZULNAVAL;33/34;7891109789803
SAND.HAV.COLORAZULNAVAL;35/36;7891109789810
SAND.HAV.COLORAZULNAVAL;37/38;7890002325851
SAND.HAV.COLORAZULNAVAL;37/38;7891109789827
SAND.HAV.COLORAZULNAVAL;39/40;7890002325861
SAND.HAV.COLORAZULNAVAL;39/40;7891109789834
SAND.HAV.COLORAZULNAVAL;41/42;7890002325871
SAND.HAV.COLORAZULNAVAL;41/42;7891109789841
SAND.HAV.COLORAZULNAVAL;43/44;7891109789858
SAND.HAV.COLORAZULNAVAL;45/46;7891109789865
SAND.HAV.COLORBRANCA;23/24;7891224729951
SAND.HAV.COLORBRANCA;25/26;7891224729968
SAND.HAV.COLORBRANCA;27/28;7891224729975
SAND.HAV.COLORBRANCA;29/30;7891224729982
SAND.HAV.COLORBRANCA;31/32;7891224729999
SAND.HAV.COLORBRANCA;33/34;7895265025652
SAND.HAV.COLORBRANCA;35/36;7895265025669
SAND.HAV.COLORBRANCA;37/38;7890002325881
SAND.HAV.COLORBRANCA;37/38;7895265025676
SAND.HAV.COLORBRANCA;39/40;7895265025683
SAND.HAV.COLORBRANCA;39/40;7890002325891
SAND.HAV.COLORBRANCA;41/42;7890002325901
SAND.HAV.COLORBRANCA;41/42;7895265025690
SAND.HAV.COLORBRANCA;43/44;7895265025706
SAND.HAV.COLORBRANCA;45/46;7890541817938
SAND.HAV.COLORBRISALILAS;37/38;7909843495710
SAND.HAV.COLORCAFE;33/34;7891109789582
SAND.HAV.COLORCAFE;35/36;7891109789599
SAND.HAV.COLORCAFE;37/38;7891109789605
SAND.HAV.COLORCAFE;39/40;7891109789612
SAND.HAV.COLORCAFE;41/42;7891109789629
SAND.HAV.COLORCAFE;43/44;7891109789636
SAND.HAV.COLORESSENT.AZIND/AZ;37/38;7909989681541
SAND.HAV.COLORESSENT.AZIND/AZ;39/40;7909989681558
SAND.HAV.COLORESSENT.AZIND/AZ;41/42;7909989681565
SAND.HAV.COLORESSENT.AZIND/AZ;43/44;7909989681572
SAND.HAV.COLORESSENT.AZIND/AZ;45/46;7909989681589
SAND.HAV.COLORESSENT.CAFE/CAFE;37/38;7909989681497
SAND.HAV.COLORESSENT.CAFE/CAFE;39/40;7909989681503
SAND.HAV.COLORESSENT.CAFE/CAFE;41/42;7909989681510
SAND.HAV.COLORESSENT.CAFE/CAFE;43/44;7909989681527
SAND.HAV.COLORESSENT.CAFE/CAFE;45/46;7909989681534
SAND.HAV.COLORESSENTIALAREIA;37/38;7909843238348
SAND.HAV.COLORESSENTIALAREIA;39/40;7909843238355
SAND.HAV.COLORESSENTIALAREIA;41/42;7909843238362
SAND.HAV.COLORESSENTIALAREIA;43/44;7909843238379
SAND.HAV.COLORESSENTIALMARINHO;37/38;7909843238416
SAND.HAV.COLORESSENTIALMARINHO;39/40;7909843238423
SAND.HAV.COLORESSENTIALMARINHO;41/42;7909843238430
SAND.HAV.COLORESSENTIALMARINHO;43/44;7909843238447
SAND.HAV.COLORESSENTIALPRETO;37/38;7909843237792
SAND.HAV.COLORESSENTIALPRETO;39/40;7909843237808
SAND.HAV.COLORESSENTIALPRETO;41/42;7909843237815
SAND.HAV.COLORESSENTIALPRETO;43/44;7909843237822
SAND.HAV.COLORESSENT.PTO/PTO;37/38;7909989681442
SAND.HAV.COLORESSENT.PTO/PTO;39/40;7909989681459
SAND.HAV.COLORESSENT.PTO/PTO;41/42;7909989681466
SAND.HAV.COLORESSENT.PTO/PTO;43/44;7909989681473
SAND.HAV.COLORESSENT.PTO/PTO;45/46;7909989681480
SAND.HAV.COLORPRETA;37/38;7890002325911
SAND.HAV.COLORPRETA;39/40;7890002325921
SAND.HAV.COLORPRETA;41/42;7890002325931
SAND.HAV.COLORPRETO;23/24;7891109603932
SAND.HAV.COLORPRETO;25/26;7891109603949
SAND.HAV.COLORPRETO;27/28;7891109603956
SAND.HAV.COLORPRETO;29/30;7891109603963
SAND.HAV.COLORPRETO;31/32;7891109603970
SAND.HAV.COLORPRETO;33/34;7891109603987
SAND.HAV.COLORPRETO;35/36;7891109603994
SAND.HAV.COLORPRETO;37/38;7891109604007
SAND.HAV.COLORPRETO;39/40;7891109604014
SAND.HAV.COLORPRETO;41/42;7891109604021
SAND.HAV.COLORPRETO;43/44;7891109604038
SAND.HAV.COLORPRETO;45/46;7891109910146
SAND.HAV.COLORROSABALLET;33/34;7909989981023
SAND.HAV.COLORROSABALLET;35/36;7909989981030
SAND.HAV.COLORROSABALLET;37/38;7909989981047
SAND.HAV.COLORROSABALLET;39/40;7909989981054
SAND.HAV.COLORROSAFLUX;23/24;7909843495901
SAND.HAV.COLORROSAFLUX;29/30;7909843495932
SAND.HAV.COLORROSAFLUX;31/32;7909843495949
SAND.HAV.COLORROSAFLUX;33/34;7909843495956
SAND.HAV.COLORROSAFLUX;35/36;7909843495963
SAND.HAV.COLORROSAFLUX;37/38;7909843495970
SAND.HAV.COLORROSAFLUX;39/40;7909843495987
SAND.HAV.COLORVERDEPATRIA;33/34;7909989398005
SAND.HAV.COLORVERDEPATRIA;35/36;7909989398012
SAND.HAV.COLORVERDEPATRIA;37/38;7909989398029
SAND.HAV.COLORVERDEPATRIA;39/40;7909989398036
SAND.HAV.COLORVERDEPATRIA;43/44;7909989398050
SAND.HAV.COLORVERDEVIRTUAL;39/40;7909843495598
SAND.HAV.COLORVERMAPACHE;33/34;7909989688649
SAND.HAV.COLORVERMAPACHE;35/36;7909989688656
SAND.HAV.COLORVERMAPACHE;37/38;7909989688663
SAND.HAV.COLORVERMAPACHE;39/40;7909989688670
SAND.HAV.COLORVERMAPACHE;41/42;7909989688731
SAND.HAV.DISNEYSTYLISHVM.APACHE;35/36;7909690032182
SAND.HAV.DUALBCO/CZAGELO;37/38;7909690520405
SAND.HAV.DUALBCO/CZAGELO;39/40;7909690520412
SAND.HAV.DUALBCO/CZAGELO;41/42;7909690520429
SAND.HAV.DUALBCO/CZAGELO;43/44;7909690520436
SAND.HAV.DUALMAR/CZAACO;37/38;7909989679715
SAND.HAV.DUALMAR/CZAACO;39/40;7909989679722
SAND.HAV.DUALMAR/CZAACO;41/42;7909989679739
SAND.HAV.DUALMAR/CZAACO;43/44;7909989679746
SAND.HAV.DUALMARINHO/MARINHO;39/40;7909843662655
SAND.HAV.ELEGANCECINZAGELO;33/34;7909989545577
SAND.HAV.ELEGANCECINZAGELO;35/36;7909989545584
SAND.HAV.ELEGANCECINZAGELO;37/38;7909989545591
SAND.HAV.ELEGANCECINZAGELO;39/40;7909989545607
SAND.HAV.ELEGANCEDOURADO;33/34;7909843821915
SAND.HAV.ELEGANCEDOURADO;35/36;7909843821922
SAND.HAV.ELEGANCEDOURADO;37/38;7909843821939
SAND.HAV.ELEGANCEDOURADO;39/40;7909843821946
SAND.HAV.ELEGANCEMARINHO;33/34;7909989611715
SAND.HAV.ELEGANCEMARINHO;35/36;7909989611722
SAND.HAV.ELEGANCEMARINHO;37/38;7909989611739
SAND.HAV.ELEGANCEMARINHO;39/40;7909989611746
SAND.HAV.ELEGANCEPRETO;33/34;7909843821861
SAND.HAV.ELEGANCEPRETO;35/36;7909843821878
SAND.HAV.ELEGANCEPRETO;37/38;7909843821885
SAND.HAV.ELEGANCEPRETO;39/40;7909843821892
SAND.HAV.ELEGANCEPRINTBLOSSON;33/34;7909989793886
SAND.HAV.ELEGANCEPRINTBLOSSON;35/36;7909989793893
SAND.HAV.ELEGANCEPRINTBLOSSON;37/38;7909989793909
SAND.HAV.ELEGANCEPRINTBLOSSON;39/40;7909989793916
SAND.HAV.ELEGANCEPRINTCAFE;33/34;7909989428528
SAND.HAV.ELEGANCEPRINTCAFE;35/36;7909989428535
SAND.HAV.ELEGANCEPRINTCAFE;37/38;7909989428542
SAND.HAV.ELEGANCEPRINTCAFE;39/40;7909989428559
SAND.HAV.ELEGANCEPRINTNVGRAF.;33/34;7909989793831
SAND.HAV.ELEGANCEPRINTNVGRAF.;35/36;7909989793848
SAND.HAV.ELEGANCEPRINTNVGRAF.;37/38;7909989793855
SAND.HAV.ELEGANCEPRINTNVGRAF.;39/40;7909989793862
SAND.HAV.ELEGANCEPRINTPAUBRASIL;35/36;7909843837107
SAND.HAV.ELEGANCEPRINTPAUBRASIL;37/38;7909843837114
SAND.HAV.ELEGANCEPRINTRSCLAY;33/34;7909989428573
SAND.HAV.ELEGANCEPRINTRSCLAY;35/36;7909989428580
SAND.HAV.ELEGANCEPRINTRSCLAY;37/38;7909989428597
SAND.HAV.ELEGANCEPRINTRSCLAY;39/40;7909989428603
SAND.HAV.ELEGANCEPRINTRSGOLD;33/34;7909989793930
SAND.HAV.ELEGANCEPRINTRSGOLD;35/36;7909989793947
SAND.HAV.ELEGANCEPRINTRSGOLD;37/38;7909989793954
SAND.HAV.ELEGANCEPRINTRSGOLD;39/40;7909989793961
SAND.HAV.ELEGANCEROSABALLET;33/34;7909989317648
SAND.HAV.ELEGANCEROSABALLET;35/36;7909989317655
SAND.HAV.ELEGANCEROSABALLET;37/38;7909989317662
SAND.HAV.ELEGANCEROSACROCUS;33/34;7909843822011
SAND.HAV.ELEGANCEROSACROCUS;35/36;7909843822028
SAND.HAV.ELEGANCEROSACROCUS;37/38;7909843822035
SAND.HAV.FANT.GLOSSPINKPARAD;33/34;7909843096818
SAND.HAV.FANT.IIPRETO;33/34;7909989962169
SAND.HAV.FANT.IIPRETO;35/36;7909989962176
SAND.HAV.FANT.IIPRETO;37/38;7909989962183
SAND.HAV.FANT.IIPRETO;39/40;7909989962190
SAND.HAV.FANT.IIRSCHIFFON;33/34;7909989962213
SAND.HAV.FANT.IIRSCHIFFON;35/36;7909989962220
SAND.HAV.FANT.IIRSCHIFFON;37/38;7909989962237
SAND.HAV.FANT.IIRSCHIFFON;39/40;7909989962244
SAND.HAV.FANT.IISMOKEGREEN;33/34;7909989964309
SAND.HAV.FANT.IISMOKEGREEN;39/40;7909989964330
SAND.HAV.FANT.STYLEIIBGPALHA;33/34;7909989761809
SAND.HAV.FANT.STYLEIIBGPALHA;35/36;7909989761816
SAND.HAV.FANT.STYLEIIBGPALHA;37/38;7909989761823
SAND.HAV.FANT.STYLEIIBGPALHA;39/40;7909989761830
SAND.HAV.FANT.STYLEIIRSBALLET;33/34;7909989761755
SAND.HAV.FANT.STYLEIIRSBALLET;35/36;7909989761762
SAND.HAV.FANT.STYLEIIRSBALLET;37/38;7909989761779
SAND.HAV.FANT.STYLEIIRSBALLET;39/40;7909989761786
SAND.HAV.FANT.STYLEPINKLIMON.;37/38;7909843769286
SAND.HAV.FLASHSWEETAZINDIGO;39/40;7909843302780
SAND.HAV.FLASHSWEETROY.AZINDIGO;39/40;7909690209812
SAND.HAV.FLASHSWEETROY.PRETO;41/42;7909690209874
SAND.HAV.FLATLISAAREIA;37/38;7891224559015
SAND.HAV.FLATMIXBEGE/PRETO;37/38;7909843906957
SAND.HAV.FLATMIXBRANCO/ROSA;35/36;7909843906896
SAND.HAV.HYBRIDBECIM.QUEIM/PTO;37/38;7909989145203
SAND.HAV.HYBRIDFREEAZINDIGO;35/36;7909690092797
SAND.HAV.HYPEPTO/PTO/PESSEGO;41/42;7909843676348
SAND.HAV.KIDSATHLETICBCO/AZNAVAL;25/26;7909989687345
SAND.HAV.KIDSATHLETICBCO/AZUL;23/24;7909989775424
SAND.HAV.KIDSATHLETICBCO/AZUL;25/26;7909989775431
SAND.HAV.KIDSATHLETICBCO/AZUL;27/28;7909989775448
SAND.HAV.KIDSATHLETICBCO/AZUL;29/30;7909989775455
SAND.HAV.KIDSATHLETICBCO/AZUL;31/32;7909989775462
SAND.HAV.KIDSATHLETICBCO/AZUL;33/34;7909989775479
SAND.HAV.KIDSATHLETICBCO/AZUL;35/36;7909989775486
SAND.HAV.KIDSATHLETICBUTTERCREAM;27/28;7909989687420
SAND.HAV.KIDSATHLETICCZAACO;23/24;7909989775493
SAND.HAV.KIDSATHLETICCZAACO;25/26;7909989775509
SAND.HAV.KIDSATHLETICCZAACO;27/28;7909989775516
SAND.HAV.KIDSATHLETICCZAACO;29/30;7909989775523
SAND.HAV.KIDSATHLETICCZAACO;31/32;7909989775530
SAND.HAV.KIDSATHLETICCZAACO;33/34;7909989775547
SAND.HAV.KIDSATHLETICCZAACO;35/36;7909989775554
SAND.HAV.KIDSCARSAMARELOPOP;23/24;7909989504772
SAND.HAV.KIDSCARSAMARELOPOP;25/26;7909989504789
SAND.HAV.KIDSCARSBCO/BCO/BCO;35/36;7909989504901
SAND.HAV.KIDSDISNEYCARSVERM;23/24;7909989804667
SAND.HAV.KIDSDISNEYCARSVERM;25/26;7909989804674
SAND.HAV.KIDSDISNEYCARSVERM;27/28;7909989804681
SAND.HAV.KIDSDISNEYCARSVERM;29/30;7909989804698
SAND.HAV.KIDSDISNEYCARSVERM;31/32;7909989804704
SAND.HAV.KIDSDISNEYCARSVERM;33/34;7909989804711
SAND.HAV.KIDSDISNEYCARSVERM;35/36;7909989804728
SAND.HAV.KIDSDISNEYMICK.AMARELO;23/24;7909989804735
SAND.HAV.KIDSDISNEYMICK.AMARELO;25/26;7909989804742
SAND.HAV.KIDSDISNEYMICK.AMARELO;27/28;7909989804759
SAND.HAV.KIDSDISNEYMICK.AMARELO;29/30;7909989804766
SAND.HAV.KIDSDISNEYMICK.AMARELO;31/32;7909989804773
SAND.HAV.KIDSDISNEYMICK.AMARELO;33/34;7909989804780
SAND.HAV.KIDSDISNEYMICK.AMARELO;35/36;7909989804797
SAND.HAV.KIDSDISNEYT.STORYAZ/MAR;23/24;7909989834220
SAND.HAV.KIDSDISNEYT.STORYAZ/MAR;25/26;7909989834237
SAND.HAV.KIDSDISNEYT.STORYAZ/MAR;27/28;7909989834244
SAND.HAV.KIDSDISNEYT.STORYAZ/MAR;29/0;7909989834251
SAND.HAV.KIDSDISNEYT.STORYAZ/MAR;31/2;7909989834268
SAND.HAV.KIDSDISNEYT.STORYAZ/MAR;33/4;7909989834275
SAND.HAV.KIDSDISNEYT.STORYAZ/MAR;35/6;7909989834282
SAND.HAV.KIDSFANT.BGPAL/MAGNEON;23/24;7909843081289
SAND.HAV.KIDSFLORESAZ.WATER;25/26;7909690531555
SAND.HAV.KIDSFLORESBEGE/DOUR;23/24;7909989730478
SAND.HAV.KIDSFLORESBEGE/DOUR;25/26;7909989730485
SAND.HAV.KIDSFLORESBEGE/DOUR;27/28;7909989730492
SAND.HAV.KIDSFLORESBEGE/DOUR;29/30;7909989730508
SAND.HAV.KIDSFLORESBEGE/DOUR;31/32;7909989730515
SAND.HAV.KIDSFLORESBEGE/DOUR;33/34;7909989730522
SAND.HAV.KIDSFLORESBEGE/DOUR;35/36;7909989730539
SAND.HAV.KIDSFLORESBGPALHA;23/24;7909690530268
SAND.HAV.KIDSFLORESBUTTERCREAM;25/26;7909989433584
SAND.HAV.KIDSFLORESPESSEGO;25/26;7909989433515
SAND.HAV.KIDSFLORESROSA/CONFETE;25/26;7909989702857
SAND.HAV.KIDSFLORESROSA/CONFETE;29/30;7909989702871
SAND.HAV.KIDSFLORESROSA/CONFETE;31/32;7909989702888
SAND.HAV.KIDSFLORESROSA/CONFETE;33/34;7909989702895
SAND.HAV.KIDSFLORESROSA/CONFETE;35/36;7909989702901
SAND.HAV.KIDSFLORESRSBALLET;25/26;7909989477878
SAND.HAV.KIDSFLORESGUMFLUX/RS;23/24;7909989702918
SAND.HAV.KIDSFLORESGUMFLUX/RS;25/26;7909989702925
SAND.HAV.KIDSFLORESGUMFLUX/RS;25/26;7909989702932
SAND.HAV.KIDSFLORESGUMFLUX/RS;25/26;7909989702949
SAND.HAV.KIDSFLORESGUMFLUX/RS;29/30;7909989702956
SAND.HAV.KIDSFLORESGUMFLUX/RS;31/32;7909989702963
SAND.HAV.KIDSFLORESGUMFLUX/RS;33/34;7909989702970
SAND.HAV.KIDSMINECRAFTCZACO/BCO;23/24;7909989813379
SAND.HAV.KIDSMINECRAFTCZACO/BCO;25/26;7909989813386
SAND.HAV.KIDSMINECRAFTCZACO/BCO;27/28;7909989813393
SAND.HAV.KIDSMINECRAFTCZACO/BCO;31/32;7909989813416
SAND.HAV.KIDSMINECRAFTCZACO/BCO;33/34;7909989813423
SAND.HAV.KIDSMINECRAFTCZACO/BCO;35/36;7909989813430
SAND.HAV.KIDSMINECRAFTCZACO/BCO;37/38;7909989813447
SAND.HAV.KIDSMINECRAFTCZACO/BCO;39/40;7909989813454
SAND.HAV.KIDSMINECRAFTCZACO/BCO;41/42;7909989813461
SAND.HAV.KIDSMINECRAFTVDPATRIA;23/24;7909989813478
SAND.HAV.KIDSMINECRAFTVDPATRIA;35/36;7909989813539
SAND.HAV.KIDSMINECRAFTVDPATRIA;37/38;7909989813546
SAND.HAV.KIDSMINECRAFTVDPATRIA;39/40;7909989813553
SAND.HAV.KIDSMINECRAFTVDPATRIA;41/42;7909989813560
SAND.HAV.KIDSSLIMDISNEYBUTTERCR;23/24;7909989809112
SAND.HAV.KIDSSLIMDISNEYBUTTERCR;25/26;7909989809129
SAND.HAV.KIDSSLIMDISNEYBUTTERCR;27/28;7909989809136
SAND.HAV.KIDSSLIMDISNEYBUTTERCR;31/32;7909989809150
SAND.HAV.KIDSSLIMDISNEYBUTTERCR;33/34;7909989809167
SAND.HAV.KIDSSLIMDISNEYBUTTERCR;35/36;7909989809174
SAND.HAV.KIDSSLIMHARMONYCIB;29/0;7909690633341
SAND.HAV.KIDSSLIMROSABALLET;23/24;7890541057716
SAND.HAV.KIDSSLIMROSABALLET;27/28;7890541057730
SAND.HAV.KIDSSLIMPRINC.AZ/AZLAV;23/24;7909989829950
SAND.HAV.KIDSSLIMPRINC.AZ/AZLAV;25/26;7909989830987
SAND.HAV.KIDSSLIMPRINC.AZ/AZLAV;27/28;7909989830994
SAND.HAV.KIDSSLIMPRINC.AZ/AZLAV;29/30;7909989831007
SAND.HAV.KIDSSLIMPRINC.AZ/AZLAV;31/32;7909989831014
SAND.HAV.KIDSSLIMPRINC.AZ/AZLAV;33/34;7909989831021
SAND.HAV.KIDSSLIMPRINC.AZ/AZLAV;35/36;7909989831038
SAND.HAV.KIDSSLIMPRINC.BGPAL/BG;23/24;7909989831045
SAND.HAV.KIDSSLIMPRINC.BGPAL/BG;25/26;7909989831052
SAND.HAV.KIDSSLIMPRINC.BGPAL/BG;27/28;7909989831069
SAND.HAV.KIDSSLIMPRINC.BGPAL/BG;29/30;7909989831076
SAND.HAV.KIDSSLIMPRINC.BGPAL/BG;31/32;7909989831083
SAND.HAV.KIDSSLIMPRINC.BGPAL/BG;33/34;7909989831090
SAND.HAV.KIDSSLIMPRINC.BGPAL/BG;35/36;7909989831106
SAND.HAV.KIDSSLIMPRINC.ROSA/RS;27/28;7909989831137
SAND.HAV.KIDSSLIMPRINC.ROSA/RS;29/30;7909989831144
SAND.HAV.KIDSSLIMPRINC.ROSA/RS;31/32;7909989831151
SAND.HAV.KIDSSLIMPRINC.ROSA/RS;33/34;7909989831168
SAND.HAV.KIDSSLIMPRINC.RSCLAY;23/24;7909989437827
SAND.HAV.KIDSSLIMPRINC.RSCLAY;25/26;7909989437834
SAND.HAV.KIDSSLIMPRINC.RSCLAY;27/28;7909989437841
SAND.HAV.KIDSSLIMPRINC.RSCLAY;29/30;7909989437858
SAND.HAV.KIDSSLIMPRINC.RSCLAY;31/32;7909989437865
SAND.HAV.KIDSSLIMPRINC.RSGLOW;23/24;7909989437964
SAND.HAV.KIDSSLIMPRINC.RSGLOW;25/26;7909989437971
SAND.HAV.KIDSSLIMPRINC.RSGLOW;27/28;7909989437988
SAND.HAV.KIDSSLIMPRINC.RSGLOW;29/30;7909989437995
SAND.HAV.KIDSSLIMPRINC.RSGLOW;31/32;7909989438008
SAND.HAV.KIDSSLIMPRINC.RXFANTASY;25/26;7909989437766
SAND.HAV.KIDSSLIMPRINC.RXFANTASY;27/28;7909989437773
SAND.HAV.KIDSSLIMPRINC.RXFANTASY;29/30;7909989437780
SAND.HAV.KIDSSLIMPRINC.RXFANTASY;31/32;7909989437797
SAND.HAV.KIDSSLIMPRINC.RXFANTASY;33/4;7909989437803
SAND.HAV.KIDSSLIMPRINC.VDMATCHA;25/26;7909989437896
SAND.HAV.KIDSSLIMPRINC.VDMATCHA;31/2;7909989437933
SAND.HAV.KIDSSLIMPRIN.PINKLIMON;33/34;7909843974383
SAND.HAV.KIDSSLIMPRIN.RSBALLET;29/30;7909843974154
SAND.HAV.KIDSTIMESCORINTHIANSPTO;27/28;7909843020806
SAND.HAV.KIDSTIMESCORINTHIANSPTO;29/0;7909843020813
SAND.HAV.KIDSTIMESPALMEIRASAMAZ;25/26;7909843121299
SAND.HAV.KIDSTIMESPALMEIRASAMAZ;27/28;7909843121305
SAND.HAV.KIDSTOPHEROISCZA;31/32;7909989481998
SAND.HAV.KIDSTOPHEROISCZA;35/36;7909989482018
SAND.HAV.KIDSTOPHEROISMARINHO;23/24;7909989481882
SAND.HAV.KIDSTOPMARV.IIAZ BRILH;23/24;7909989780169
SAND.HAV.KIDSTOPMARV.IIAZ BRILH;25/26;7909989780176
SAND.HAV.KIDSTOPMARV.IIAZ BRILH;27/28;7909989780183
SAND.HAV.KIDSTOPMARV.IIAZ BRILH;33/34;7909989780213
SAND.HAV.KIDSTOPMARV.IIAZ BRILH;35/36;7909989780220
SAND.HAV.KIDSTOPMARV.IIBC/BC/AZ;23/24;7909989780237
SAND.HAV.KIDSTOPMARV.IIBC/BC/AZ;25/26;7909989780244
SAND.HAV.KIDSTOPMARV.IIBC/BC/AZ;27/28;7909989780251
SAND.HAV.KIDSTOPMARV.IIBC/BC/AZ;29/30;7909989780268
SAND.HAV.KIDSTOPMARV.IIBC/BC/AZ;31/32;7909989780275
SAND.HAV.KIDSTOPWARNERAZUL;23/24;7909989785324
SAND.HAV.KIDSTOPWARNERAZUL;25/26;7909989785331
SAND.HAV.KIDSTOPWARNERAZUL;27/28;7909989785348
SAND.HAV.KIDSTOPWARNERAZUL;29/30;7909989785355
SAND.HAV.KIDSTOPWARNERAZUL;33/34;7909989785379
SAND.HAV.KIDSTOPWARNERAZUL;35/36;7909989785386
SAND.HAV.KIDSTOPWARNERMARINHO;23/24;7909989785461
SAND.HAV.KIDSTOPWARNERMARINHO;25/26;7909989785478
SAND.HAV.KIDSTOPWARNERMARINHO;27/28;7909989785485
SAND.HAV.KIDSTOPWARNERMARINHO;29/30;7909989785492
SAND.HAV.KIDSTOPWARNERMARINHO;31/32;7909989785508
SAND.HAV.KIDSTOPWARNERMARINHO;33/34;7909989785515
SAND.HAV.KIDSTOPWARNERMARINHO;35/36;7909989785522
SAND.HAV.KIDSTOPWARNERPRETO;23/24;7909989785393
SAND.HAV.KIDSTOPWARNERPRETO;25/26;7909989785409
SAND.HAV.KIDSTOPWARNERPRETO;27/28;7909989785416
SAND.HAV.KIDSTOPWARNERPRETO;29/30;7909989785423
SAND.HAV.KIDSTOPWARNERPRETO;31/32;7909989785430
SAND.HAV.KIDSTOPWARNERPRETO;33/34;7909989785447
SAND.HAV.KIDSTOPWARNERPRETO;35/36;7909989785454
SAND.HAV.LOGOMETAL.BRANCO;35/36;7891224721047
SAND.HAV.POWERLIGHTSOLIDBCO;37/38;7909843240723
SAND.HAV.POWER2.0BCO/PRETO;39/40;7909843904069
SAND.HAV.POWER2.0BCO/PRETO;41/42;7909843904076
SAND.HAV.POWER2.0BCO/PRETO;43/44;7909843904083
SAND.HAV.POWER2.0CZAACO/GRAF;37/38;7909989659670
SAND.HAV.POWER2.0CZAACO/GRAF;39/40;7909989659687
SAND.HAV.POWER2.0CZAACO/GRAF;41/42;7909989659694
SAND.HAV.POWER2.0CZAACO/GRAF;43/44;7909989659700
SAND.HAV.POWER2.0MARINHO/AZUL;37/38;7909989765722
SAND.HAV.POWER2.0MARINHO/AZUL;43/44;7909989765753
SAND.HAV.POWER2.0MAR/MAR/BRANCO;41/42;7909843904137
SAND.HAV.POWER2.0PRETO;37/38;7893249344454
SAND.HAV.POWER2.0PRETO;41/42;7893249344478
SAND.HAV.POWER2.0PTO/AZINDIGO;37/38;7909989659625
SAND.HAV.POWER2.0PTO/AZINDIGO;39/40;7909989659632
SAND.HAV.POWER2.0PTO/AZINDIGO;41/42;7909989659649
SAND.HAV.POWER2.0PTO/AZINDIGO;43/44;7909989659656
SAND.HAV.SIMPSONSAMARELOPOP;37/38;7909989480069
SAND.HAV.SIMPSONSAMARELOPOP;43/44;7909989480090
SAND.HAV.SIMPSONSAZTRADI/PTO;43/44;7909989781432
SAND.HAV.SIMPSONSBCO/AZUL;43/44;7909989781371
SAND.HAV.SIMPSONSBEGEPALHA;41/42;7909989480038
SAND.HAV.SIMPSONSBEGEPALHA;43/44;7909989480045
SAND.HAV.SLIMANIM.BGPAL/BGPALHA;41/42;7909989160510
SAND.HAV.SLIMANIM.BGPAL/CZDK;33/4;7909989693599
SAND.HAV.SLIMANIM.BGPAL/CZDK;35/6;7909989693605
SAND.HAV.SLIMANIM.BGPAL/CZDK;37/8;7909989693612
SAND.HAV.SLIMANIM.BGPAL/CZDK;39/0;7909989693629
SAND.HAV.SLIMANIM.CZA/CINZA;33/34;7909989307953
SAND.HAV.SLIMANIM.CZA/CINZA;37/38;7909989307977
SAND.HAV.SLIMANIM.RSGOLD/RSGOLD;33/34;7909989693544
SAND.HAV.SLIMANIM.RSGOLD/RSGOLD;35/36;7909989693551
SAND.HAV.SLIMANIM.RSGOLD/RSGOLD;37/38;7909989693568
SAND.HAV.SLIMANIM.RSGOLD/RSGOLD;39/40;7909989693575
SAND.HAV.SLIMANIM.RSGOLD/RSGOLD;41/42;7909989693582
SAND.HAV.SLIMBRASILPRETO;39/40;7893249495378
SAND.HAV.SLIMCACTUSRSMACARON;35/36;7909690965510
SAND.HAV.SLIMDISNEYBEGEPALHA;39/40;7909989442654
SAND.HAV.SLIMDISNEYBUTTERCREAM;33/34;7909989442678
SAND.HAV.SLIMGLITERIIAREIA;33/34;7909690029120
SAND.HAV.SLIMGLITERIIRS;33/4;7909690029243
SAND.HAV.SLIMGLIT.IIAR/DOU.CLMET;33/4;7909843116653
SAND.HAV.SLIMGLIT.IIAR/DOU.CLMET;35/6;7909843116660
SAND.HAV.SLIMGLIT.IIAR/DOU.CLMET;37/8;7909843116677
SAND.HAV.SLIMGLIT.IIAR/DOU.CLMET;39/0;7909843116684
SAND.HAV.SLIMGLIT.IIPTO/PRETO;33/34;7909843116516
SAND.HAV.SLIMGLIT.IIPTO/PRETO;39/40;7909843116547
SAND.HAV.SLIMGLIT.IIROSA/ROSA;33/34;7909843116721
SAND.HAV.SLIMGLIT.IIROSA/ROSA;35/36;7909843116738
SAND.HAV.SLIMGLIT.IIROSA/ROSA;37/38;7909843116745
SAND.HAV.SLIMGLIT.IIROSA/ROSA;39/40;7909843116752
SAND.HAV.SLIMGLIT.IIROSA/ROSA;41/42;7909843116769
SAND.HAV.SLIMGLITTERIICAFE;33/34;7909989896051
SAND.HAV.SLIMGLITTERIICAFE;35/36;7909989896068
SAND.HAV.SLIMGLITTERIICAFE;37/38;7909989896075
SAND.HAV.SLIMGLITTERIICAFE;39/40;7909989896082
SAND.HAV.SLIMGLITTERIICAN.CLAY;33/34;7909989896150
SAND.HAV.SLIMGLITTERIICAN.CLAY;35/36;7909989896167
SAND.HAV.SLIMGLITTERIICAN.CLAY;37/38;7909989896174
SAND.HAV.SLIMGLITTERIICAN.CLAY;39/40;7909989896181
SAND.HAV.SLIMGLOSSAMARANTO;33/34;7909989325063
SAND.HAV.SLIMGLOSSAMARANTO;35/36;7909989325070
SAND.HAV.SLIMGLOSSAMARANTO;37/38;7909989325087
SAND.HAV.SLIMGLOSSAMARANTO;41/42;7909989325124
SAND.HAV.SLIMGLOSSBGPALHA;39/40;7909690580867
SAND.HAV.SLIMGLOSSCZA/CZAGELO;33/34;7909989665565
SAND.HAV.SLIMGLOSSCZA/CZAGELO;35/36;7909989665572
SAND.HAV.SLIMGLOSSMARINH/MARINHO;37/38;7909843981169
SAND.HAV.SLIMGLOSSPTO/PRETO;33/34;7909989325018
SAND.HAV.SLIMGLOSSPTO/PRETO;35/36;7909989325025
SAND.HAV.SLIMGLOSSPTO/PTA/PTO;33/34;7909989620663
SAND.HAV.SLIMGLOSSPTO/PTA/PTO;35/36;7909989620670
SAND.HAV.SLIMGLOSSPTO/PTA/PTO;37/38;7909989620687
SAND.HAV.SLIMGLOSSPTO/PTA/PTO;39/40;7909989620694
SAND.HAV.SLIMGLOSSVERDEOLIVE;33/34;7909989665510
SAND.HAV.SLIMGLOSSVERDEOLIVE;35/36;7909989665527
SAND.HAV.SLIMGLOSSVERDEOLIVE;37/38;7909989665534
SAND.HAV.SLIMGLOSSVERDEOLIVE;39/40;7909989665541
SAND.HAV.SLIMHARMONYCITRONELA;39/40;7909690633495
SAND.HAV.SLIMLISAAREIA/D.CLARO;33/34;7890557502460
SAND.HAV.SLIMLISAAREIA/D.CLARO;35/36;7890557502477
SAND.HAV.SLIMLISAAREIA/D.CLARO;37/38;7890557502484
SAND.HAV.SLIMLISAAREIA/D.CLARO;39/40;7890557502491
SAND.HAV.SLIMLISAAZULBRILHANTE;33/34;7909989645444
SAND.HAV.SLIMLISAAZULBRILHANTE;35/36;7909989645451
SAND.HAV.SLIMLISAAZULBRILHANTE;37/38;7909989645468
SAND.HAV.SLIMLISAAZULBRILHANTE;39/40;7909989645475
SAND.HAV.SLIMLISABRANCO;33/34;7890732316219
SAND.HAV.SLIMLISABRANCO;35/36;7890732316226
SAND.HAV.SLIMLISABRANCO;37/38;7890732316233
SAND.HAV.SLIMLISABRANCO;39/40;7890732316240
SAND.HAV.SLIMLISABUTTERCREAM;41/42;7909989354438
SAND.HAV.SLIMLISACINZAACO;35/36;7891266827356
SAND.HAV.SLIMLISALAR.SUNSET;33/34;7909989645543
SAND.HAV.SLIMLISALAR.SUNSET;35/36;7909989645550
SAND.HAV.SLIMLISALAR.SUNSET;37/38;7909989645567
SAND.HAV.SLIMLISALAR.SUNSET;39/40;7909989645574
SAND.HAV.SLIMLISAMARINHO;33/34;7890732316363
SAND.HAV.SLIMLISAMARINHO;35/36;7890732316370
SAND.HAV.SLIMLISAMARINHO;37/38;7890732316387
SAND.HAV.SLIMLISAMARINHO;39/40;7890732316394
SAND.HAV.SLIMLISAPESSEGO;33/34;7909989354292
SAND.HAV.SLIMLISAPESSEGO;39/40;7909989354322
SAND.HAV.SLIMLISAPINKFEVER;33/34;7909843611325
SAND.HAV.SLIMLISAPINKFEVER;39/40;7909843617136
SAND.HAV.SLIMLISAPRETO;33/34;7890732316462
SAND.HAV.SLIMLISAPRETO;35/36;7890732316479
SAND.HAV.SLIMLISAPRETO;37/38;7890732316486
SAND.HAV.SLIMLISAPRETO;39/40;7890732316493
SAND.HAV.SLIMLISAROSABALLET;33/34;7893249567068
SAND.HAV.SLIMLISAROSABALLET;35/36;7893249567075
SAND.HAV.SLIMLISAROSABALLET;37/38;7893249567082
SAND.HAV.SLIMLISAROSABALLET;39/40;7893249567099
SAND.HAV.SLIMLISAROSABALLET;41/42;7893249567105
SAND.HAV.SLIMLISAROSEGOLD;33/34;7891266542044
SAND.HAV.SLIMLISAROSEGOLD;35/36;7891266542051
SAND.HAV.SLIMLISAROSEGOLD;37/38;7891266542068
SAND.HAV.SLIMLISAROSEGOLD;39/40;7891266542075
SAND.HAV.SLIMLISAROSEGOLD;41/42;7891266542082
SAND.HAV.SLIMLISARSCHIFFON;33/34;7909989645291
SAND.HAV.SLIMLISARSCHIFFON;35/36;7909989645307
SAND.HAV.SLIMLISARSCHIFFON;37/38;7909989645314
SAND.HAV.SLIMLISARSCHIFFON;39/40;7909989645321
SAND.HAV.SLIMLISARSGUM/RS;33/34;7909989777305
SAND.HAV.SLIMLISARSGUM/RS;35/36;7909989777312
SAND.HAV.SLIMLISARSGUM/RS;37/38;7909989777329
SAND.HAV.SLIMLISARSGUM/RS;39/40;7909989777336
SAND.HAV.SLIMLISAVDMATCHA;35/36;7909989354506
SAND.HAV.SLIMLISAVDMATCHA;37/38;7909989354513
SAND.HAV.SLIMLISAVDMATCHA;41/42;7909989354537
SAND.HAV.SLIMLISAWILDLIME;33/34;7909989645345
SAND.HAV.SLIMLISAWILDLIME;35/36;7909989645352
SAND.HAV.SLIMLISAWILDLIME;37/38;7909989645369
SAND.HAV.SLIMLISAWILDLIME;39/40;7909989645376
SAND.HAV.SLIMLOGOMET.AMARANTO;33/34;7909989615652
SAND.HAV.SLIMLOGOMET.AMARANTO;35/36;7909989615669
SAND.HAV.SLIMLOGOMET.AMARANTO;37/38;7909989615676
SAND.HAV.SLIMLOGOMET.AMARANTO;39/40;7909989615683
SAND.HAV.SLIMLOGOMET.PTO/PRATA;39/40;7895265009317
SAND.HAV.SLIMLOGOMET.RSGOLD;33/34;7890557254406
SAND.HAV.SLIMLOGOMET.RSGOLD;35/36;7890557254413
SAND.HAV.SLIMLOGOMET.RSGOLD;37/38;7890557254420
SAND.HAV.SLIMLOGOMET.RSGOLD;39/40;7890557254437
SAND.HAV.SLIMLOGOPOPAM.CAJA;33/34;7909989033111
SAND.HAV.SLIMLOGOPOPAZ/PINK;39/40;7909843556206
SAND.HAV.SLIMMARV.TURQUESA;39/40;7909690556220
SAND.HAV.SLIMNAUT.BCO/MAR/VERM;33/34;7909989620519
SAND.HAV.SLIMNAUT.BCO/MAR/VERM;35/36;7909989620526
SAND.HAV.SLIMNAUT.BCO/MAR/VERM;37/38;7909989620533
SAND.HAV.SLIMNAUT.BCO/MAR/VERM;39/40;7909989620540
SAND.HAV.SLIMNAUT.BGPALH/MAR;39/40;7909843958031
SAND.HAV.SLIMNAUT.BGPALH/RSGOLD;33/34;7909843958055
SAND.HAV.SLIMNAUT.MAR/RSGOLD;33/34;7909989620564
SAND.HAV.SLIMNAUT.MAR/RSGOLD;35/36;7909989620571
SAND.HAV.SLIMNAUT.MAR/RSGOLD;37/38;7909989620588
SAND.HAV.SLIMNAUT.MAR/RSGOLD;39/40;7909989620595
SAND.HAV.SLIMNEONGLOWBRANCO;33/34;7909690887751
SAND.HAV.SLIMNEONGLOWBALLET;33/34;7909690887805
SAND.HAV.SLIMORGAN.BEGEDOURADO;35/36;7909989489369
SAND.HAV.SLIMORGAN.BEGEDOURADO;37/38;7909989489376
SAND.HAV.SLIMORGAN.BEGEDOURADO;41/42;7909989489390
SAND.HAV.SLIMORGAN.PT/CZDK/RSBB;35/36;7909989351840
SAND.HAV.SLIMORGAN.PTO/CZDK/CZDK;35/6;7909690354666
SAND.HAV.SLIMORGAN.PTO/PTO/PTO;33/34;7909843870999
SAND.HAV.SLIMORGAN.ROSA/RSGOLD;33/34;7909989351789
SAND.HAV.SLIMORGAN.ROSA/RSGOLD;35/36;7909989351796
SAND.HAV.SLIMORGAN.ROSA/RSGOLD;37/38;7909989351802
SAND.HAV.SLIMORG.BCO/DOUR;33/34;7909989624791
SAND.HAV.SLIMORG.BCO/DOUR;35/36;7909989624807
SAND.HAV.SLIMORG.BCO/DOUR;37/38;7909989624814
SAND.HAV.SLIMORG.BCO/DOUR;39/40;7909989624821
SAND.HAV.SLIMORG.BCO/DOUR;41/42;7909989624838
SAND.HAV.SLIMORG.PTO/CZA/OURO;33/34;7909989624845
SAND.HAV.SLIMORG.PTO/CZA/OURO;35/36;7909989624852
SAND.HAV.SLIMORG.PTO/CZA/OURO;37/38;7909989624869
SAND.HAV.SLIMORG.PTO/CZA/OURO;39/40;7909989624876
SAND.HAV.SLIMORG.ROSA/DOUR;33/34;7909989624746
SAND.HAV.SLIMORG.ROSA/DOUR;35/36;7909989624753
SAND.HAV.SLIMORG.ROSA/DOUR;37/38;7909989624760
SAND.HAV.SLIMORG.ROSA/DOUR;39/40;7909989624777
SAND.HAV.SLIMPALETEGLOWAMARANTO;33/34;7909989896006
SAND.HAV.SLIMPALETEGLOWAMARANTO;35/36;7909989896013
SAND.HAV.SLIMPALETEGLOWAMARANTO;37/38;7909989896020
SAND.HAV.SLIMPALETEGLOWAMARANTO;39/40;7909989896037
SAND.HAV.SLIMPALETEGLOWAMARANTO;41/42;7909989896044
SAND.HAV.SLIMPALETEGLOWBLOSSON;33/34;7909989895955
SAND.HAV.SLIMPALETEGLOWBLOSSON;35/36;7909989895962
SAND.HAV.SLIMPALETEGLOWBLOSSON;37/38;7909989895979
SAND.HAV.SLIMPALETEGLOWBLOSSON;39/40;7909989895986
SAND.HAV.SLIMPETSDOUR/PTO/BCO;23/24;7909989787731
SAND.HAV.SLIMPETSDOUR/PTO/BCO;25/26;7909989787748
SAND.HAV.SLIMPETSDOUR/PTO/BCO;27/28;7909989787755
SAND.HAV.SLIMPETSDOUR/PTO/BCO;29/30;7909989787762
SAND.HAV.SLIMPETSDOUR/PTO/BCO;31/32;7909989787779
SAND.HAV.SLIMPETSDOUR/PTO/BCO;33/34;7909989787786
SAND.HAV.SLIMPETSDOUR/PTO/BCO;35/36;7909989787793
SAND.HAV.SLIMPETSDOUR/PTO/BCO;37/38;7909989787809
SAND.HAV.SLIMPETSDOUR/PTO/BCO;39/40;7909989787816
SAND.HAV.SLIMPETSROSACHIFFON;23/24;7909989727157
SAND.HAV.SLIMPETSROSACHIFFON;25/26;7909989727164
SAND.HAV.SLIMPETSROSACHIFFON;27/28;7909989727171
SAND.HAV.SLIMPETSROSACHIFFON;29/30;7909989727188
SAND.HAV.SLIMPETSROSACHIFFON;31/32;7909989727195
SAND.HAV.SLIMPETSROSACHIFFON;33/34;7909989595824
SAND.HAV.SLIMPETSROSACHIFFON;35/36;7909989595831
SAND.HAV.SLIMPETSROSACHIFFON;37/38;7909989596135
SAND.HAV.SLIMPETSROSACHIFFON;39/40;7909989596142
SAND.HAV.SLIMPOSTCARDAM.POP;33/34;7909989045039
SAND.HAV.SLIMPOSTCARDBGPALHA;33/34;7909989044919
SAND.HAV.SLIMPOSTCARDBGPALHA;35/36;7909989044926
SAND.HAV.SLIMPOSTCARDBGPALHA;37/38;7909989044933
SAND.HAV.SLIMPOSTCARDBLOODORANGE;33/4;7909989045152
SAND.HAV.SLIMPOSTCARDBLOODORANGE;35/6;7909989045169
SAND.HAV.SLIMPOSTCARDBLOODORANGE;37/8;7909989045176
SAND.HAV.SLIMPRINC.ROXOPAISLEY;39/40;7909690513452
SAND.HAV.SLIMPRINC.RSBAL/DO.BLUSH;39/0;7909690513407
SAND.HAV.SLIMPRINC.VERM.APACHE;39/40;7909690513353
SAND.HAV.SLIMSQUAR.BRANCO;33/34;7909843020530
SAND.HAV.SLIMSQUAR.BRANCO;35/36;7909843020547
SAND.HAV.SLIMSQUAR.BRANCO;37/38;7909843020554
SAND.HAV.SLIMSQUAR.BRANCO;39/40;7909843020561
SAND.HAV.SLIMSQUAR.CAFE;35/36;7909989649831
SAND.HAV.SLIMSQUAR.CAFE;41/42;7909989649862
SAND.HAV.SLIMSQUAR.CAN.CLAY;33/34;7909989649879
SAND.HAV.SLIMSQUAR.CAN.CLAY;35/36;7909989649886
SAND.HAV.SLIMSQUAR.CAN.CLAY;37/38;7909989649893
SAND.HAV.SLIMSQUAR.CAN.CLAY;39/40;7909989649909
SAND.HAV.SLIMSQUAR.CORALTROP.;33/34;7909989870310
SAND.HAV.SLIMSQUAR.CORALTROP.;35/36;7909989870327
SAND.HAV.SLIMSQUAR.CORALTROP.;37/38;7909989870334
SAND.HAV.SLIMSQUAR.CORALTROP.;39/40;7909989870341
SAND.HAV.SLIMSQUAR.GLITTERMALVA;33/4;7909843219460
SAND.HAV.SLIMSQUAR.GLITTERRSVEL.;39/0;7909843219446
SAND.HAV.SLIMSQUAR.JELLYAZLAVAN;33/4;7909989796313
SAND.HAV.SLIMSQUAR.JELLYAZLAVAN;35/6;7909989796320
SAND.HAV.SLIMSQUAR.JELLYAZLAVAN;37/8;7909989796337
SAND.HAV.SLIMSQUAR.JELLYAZLAVAN;39/0;7909989796344
SAND.HAV.SLIMSQUAR.JELLYAZLAVAN;41/2;7909989796351
SAND.HAV.SLIMSQUAR.JELLYBLOSSOM;33/4;7909989796368
SAND.HAV.SLIMSQUAR.JELLYBLOSSOM;35/6;7909989796375
SAND.HAV.SLIMSQUAR.JELLYBLOSSOM;37/8;7909989796382
SAND.HAV.SLIMSQUAR.JELLYBLOSSOM;39/0;7909989796399
SAND.HAV.SLIMSQUAR.JELLYBUTTERCR;33/4;7909989796412
SAND.HAV.SLIMSQUAR.JELLYBUTTERCR;35/6;7909989796429
SAND.HAV.SLIMSQUAR.JELLYBUTTERCR;37/8;7909989796436
SAND.HAV.SLIMSQUAR.JELLYBUTTERCR;39/0;7909989796443
SAND.HAV.SLIMSQUAR.LGMET.AMARANTO;33/4;7909989160527
SAND.HAV.SLIMSQUAR.LGMET.MOGNO;33/4;7909843153382
SAND.HAV.SLIMSQUAR.LGMET.RSGOLD;33/4;7909843454939
SAND.HAV.SLIMSQUAR.LGMET.RSG/RS.G;33/4;7909843153337
SAND.HAV.SLIMSQUAR.LGPFERRUG;33/4;7909989797105
SAND.HAV.SLIMSQUAR.LGPFERRUG;35/6;7909989797112
SAND.HAV.SLIMSQUAR.LGPFERRUG;37/8;7909989797129
SAND.HAV.SLIMSQUAR.LGPFERRUG;39/0;7909989797136
SAND.HAV.SLIMSQUAR.LGPFERRUG;41/2;7909989718698
SAND.HAV.SLIMSQUAR.LGRSGUM;33/4;7909989797204
SAND.HAV.SLIMSQUAR.LGRSGUM;35/6;7909989797211
SAND.HAV.SLIMSQUAR.LGRSGUM;37/8;7909989797228
SAND.HAV.SLIMSQUAR.LGRSGUM;39/0;7909989797235
SAND.HAV.SLIMSQUAR.LGAZBRILH;33/4;7909989797150
SAND.HAV.SLIMSQUAR.LGAZBRILH;35/6;7909989797167
SAND.HAV.SLIMSQUAR.LGAZBRILH;37/8;7909989797174
SAND.HAV.SLIMSQUAR.LGAZBRILH;39/0;7909989797181
SAND.HAV.SLIMSQUAR.LGAZBRILH;41/2;7909989797198
SAND.HAV.SLIMSQUAR.PRETO;33/34;7909843020585
SAND.HAV.SLIMSQUAR.PRETO;35/36;7909843020592
SAND.HAV.SLIMSQUAR.PRETO;37/38;7909843020608
SAND.HAV.SLIMSQUAR.PRETO;39/40;7909843020615
SAND.HAV.SLIMSQUAR.RSCROCUS;33/34;7909843020639
SAND.HAV.SLIMSQUAR.RSCROCUS;35/36;7909843020646
SAND.HAV.SLIMSQUAR.RSCROCUS;37/38;7909843020653
SAND.HAV.SLIMSQUAR.RSCROCUS;39/40;7909843020660
SAND.HAV.SLIMSQUAR.SMOKEGREEN;33/34;7909989649923
SAND.HAV.SLIMSQUAR.SMOKEGREEN;35/36;7909989649930
SAND.HAV.SLIMSQUAR.SMOKEGREEN;37/38;7909989649947
SAND.HAV.SLIMSUMMERBLISSPALHA;33/4;7909989522240
SAND.HAV.SLIMSUMMERBLISSPALHA;35/6;7909989522257
SAND.HAV.SLIMSUMMERBLISSPALHA;37/8;7909989522264
SAND.HAV.SLIMSUMMERBLISSPALHA;39/0;7909989522271
SAND.HAV.SLIMSUMMERBLISSPANTANAL;33/4;7909989522394
SAND.HAV.SLIMTROP.AMAR.CAJA;33/34;7909989608937
SAND.HAV.SLIMTROP.AMAR.CAJA;35/36;7909989608944
SAND.HAV.SLIMTROP.AMAR.CAJA;37/38;7909989608951
SAND.HAV.SLIMTROP.AMAR.CAJA;39/40;7909989608968
SAND.HAV.SLIMTROP.AZ/AZUL;33/34;7909989608883
SAND.HAV.SLIMTROP.AZ/AZUL;35/36;7909989608890
SAND.HAV.SLIMTROP.AZ/AZUL;37/38;7909989608906
SAND.HAV.SLIMTROP.AZ/AZUL;39/40;7909989608913
SAND.HAV.SQUAR.GLIT.NEONBGPAL/AZ;33/4;7909989748848
SAND.HAV.SQUAR.GLIT.NEONBGPAL/AZ;39/0;7909989748879
SAND.HAV.SQUAR.GLIT.PARTYBGPAL/PTA33/4;33/34;7909989618653
SAND.HAV.SQUAR.GLIT.PARTYBGPAL/PTA35/6;35/36;7909989618660
SAND.HAV.SQUAR.GLIT.PARTYBGPAL/PTA37/8;37/38;7909989618677
SAND.HAV.SQUAR.GLIT.PARTYBGPAL/PTA39/0;39/40;7909989618684
SAND.HAV.SQUAR.GLIT.PARTYBGPAL/PTA;41/2;7909989618691
SAND.HAV.SQUAR.GLIT.PARTYDOURADO;33/34;7909989348192
SAND.HAV.SQUAR.GLIT.PARTYDOURADO;35/36;7909989348208
SAND.HAV.SQUAR.GLIT.PARTYRSBALLET;33/4;7909989618608
SAND.HAV.SQUAR.GLIT.PARTYRSBALLET;35/6;7909989618615
SAND.HAV.SQUAR.GLIT.PARTYRSBALLET;37/8;7909989618622
SAND.HAV.SQUAR.GLIT.PARTYRSBALLET;39/0;7909989618639
SAND.HAV.STARWARSBGPALHA/VD;43/44;7909843106951
SAND.HAV.SURFVERDELIMAO;43/44;7909690770398
SAND.HAV.TIMESCORINTHIANSPRETO;33/34;7909843020837
SAND.HAV.TIMESCORINTHIANSPRETO;35/36;7909843020844
SAND.HAV.TIMESCORINTHIANSPRETO;37/38;7909843020851
SAND.HAV.TIMESFLAMENGOPRETO;37/38;7909843020745
SAND.HAV.TIMESPALMEIRASAMAZONIA;33/34;7909843121336
SAND.HAV.TIMESPALMEIRASAMAZONIA;35/36;7909843121343
SAND.HAV.TIMESPALMEIRASAMAZONIA;37/38;7909843121350
SAND.HAV.TIMESVASCODAGAMA;37/38;7909843121244
SAND.HAV.TIMESVASCODAGAMA;39/40;7909843121251
SAND.HAV.TOPAMARELOPOP;39/40;7909843379874
SAND.HAV.TOPAMARELOPOP;41/42;7909843379881
SAND.HAV.TOPAMARELOPOP;43/44;7909843379898
SAND.HAV.TOPATH.BASQ.PTO/LARSUNSET;37/8;7909989864791
SAND.HAV.TOPATH.BASQ.PTO/LARSUNSET;39/0;7909989864807
SAND.HAV.TOPATH.BASQ.PTO/LARSUNSET;41/2;7909989864814
SAND.HAV.TOPATH.BASQ.PTO/LARSUNSET;43/4;7909989864821
SAND.HAV.TOPATHLETICBRANCO;37/38;7893249724249
SAND.HAV.TOPATHLETICMAR/BCO/BCO;37/38;7909989459317
SAND.HAV.TOPATHLETICMAR/BCO/BCO;41/42;7909989459331
SAND.HAV.TOPATHLETICMAR/BCO/BCO;43/44;7909989459348
SAND.HAV.TOPATHLETICNOVOGRAFITE;37/38;7909989459256
SAND.HAV.TOPATHLETICNOVOGRAFITE;39/40;7909989459263
SAND.HAV.TOPATHLETICNOVOGRAFITE;41/42;7909989459270
SAND.HAV.TOPATHLETICNOVOGRAFITE;43/44;7909989459287
SAND.HAV.TOPATHLETICNOVOGRAFITE;45/46;7909989459294
SAND.HAV.TOPATHLETICPTO/PTO/PTO;37/38;7909989459379
SAND.HAV.TOPATHLETICPTO/PTO/PTO;39/40;7909989459386
SAND.HAV.TOPATHLETICPTO/PTO/PTO;41/42;7909989459393
SAND.HAV.TOPATHLETICPTO/PTO/PTO;43/44;7909989459409
SAND.HAV.TOPATHLETICPTO/PTO/PTO;45/46;7909989459416
SAND.HAV.TOPATHLETICVDLIMAO;43/44;7909843035695
SAND.HAV.TOPATH.SURFCZA�O/PTO/BC;37/8;7909989864746
SAND.HAV.TOPATH.SURFCZA�O/PTO/BC;39/0;7909989864753
SAND.HAV.TOPATH.SURFCZA�O/PTO/BC;41/2;7909989864760
SAND.HAV.TOPATH.SURFCZA�O/PTO/BC;43/4;7909989864777
SAND.HAV.TOPBASICBCO/BCO/AZUL;37/38;7909989677681
SAND.HAV.TOPBASICBCO/BCO/AZUL;39/40;7909989677698
SAND.HAV.TOPBASICBCO/BCO/AZUL;41/42;7909989677704
SAND.HAV.TOPBASICBCO/BCO/AZUL;43/44;7909989677711
SAND.HAV.TOPBASICBCO/BCO/AZUL;45/46;7909989677728
SAND.HAV.TOPBASICBCO/BCO/BCO;37/38;7909989203507
SAND.HAV.TOPBASICBCO/BCO/BCO;39/40;7909989203514
SAND.HAV.TOPBASICBCO/BCO/BCO;41/42;7909989203521
SAND.HAV.TOPBASICBCO/BCO/BCO;43/44;7909989203538
SAND.HAV.TOPBASICCZAGELO/MAR;39/40;7909989677742
SAND.HAV.TOPBASICCZAGELO/MAR;41/42;7909989677759
SAND.HAV.TOPBASICCZAGELO/MAR;43/44;7909989677766
SAND.HAV.TOPBASICCZAGELO/MAR;45/46;7909989677773
SAND.HAV.TOPBASICMAR/MAR/BCO;37/38;7909843666196
SAND.HAV.TOPBASICMAR/MAR/BCO;43/44;7909843666226
SAND.HAV.TOPBASICMUSGO;39/40;7909843018001
SAND.HAV.TOPBASICPTO/PTO/PTO/BCO;37/38;7909843666318
SAND.HAV.TOPBASICPTO/PTO/PTO/BCO;43/44;7909843666349
SAND.HAV.TOPBASICPTO/PTO/PTO/PTO;37/38;7909989677636
SAND.HAV.TOPBASICPTO/PTO/PTO/PTO;39/40;7909989677643
SAND.HAV.TOPBASICPTO/PTO/PTO/PTO;41/42;7909989677650
SAND.HAV.TOPBASICPTO/PTO/PTO/PTO;43/44;7909989677667
SAND.HAV.TOPBASICPTO/PTO/PTO/PTO;45/46;7909989677674
SAND.HAV.TOPBRANCO;41/42;7891109714508
SAND.HAV.TOPCAMUPTO/PTO/BRANCO;37/38;7909989601976
SAND.HAV.TOPCAMUPTO/PTO/BRANCO;39/40;7909989610473
SAND.HAV.TOPCAMUPTO/PTO/BRANCO;41/42;7909989610480
SAND.HAV.TOPCAMUPTO/PTO/BRANCO;43/44;7909989610497
SAND.HAV.TOPCAMUPTO/VDOLIVA;37/38;7909989610589
SAND.HAV.TOPCAMUPTO/VDOLIVA;39/40;7909989610596
SAND.HAV.TOPCAMUPTO/VDOLIVA;41/42;7909989610602
SAND.HAV.TOPCAMUPTO/VDOLIVA;43/44;7909989610671
SAND.HAV.TOPCRASHMIXPTO/CINZA;43/44;7909843146636
SAND.HAV.TOPDCLOGOM.PRETO;37/38;7909989775233
SAND.HAV.TOPDISNEYAZTRANQ;35/36;7909843527367
SAND.HAV.TOPDISNEYROXOPRISMA;35/36;7909843046974
SAND.HAV.TOPDISNEYVERMRUBI/PTO;41/42;7909843047131
SAND.HAV.TOPFCMARINHOBLUE;31/32;7890541601858
SAND.HAV.TOPFLORALFRESHPALHA;33/34;7909843724049
SAND.HAV.TOPFLORALFRESHPALHA;35/36;7909843724056
SAND.HAV.TOPFLORALFRESHPALHA;37/38;7909843724063
SAND.HAV.TOPFLORALFRESHPINK;33/34;7909843724148
SAND.HAV.TOPHEROISPTO/PTO/ARGILA;43/44;7909843015031
SAND.HAV.TOPINKCINZAGELO;37/38;7909843178217
SAND.HAV.TOPLOGOM.FASHIONMUSGO;37/38;7909843481416
SAND.HAV.TOPLOGOM.FASHIONPRETO;35/36;7909843481263
SAND.HAV.TOPLOGOM.FASHIONPRETO;41/42;7909843481294
SAND.HAV.TOPLOGOM.2AZBRILHANTE;33/34;7909989676950
SAND.HAV.TOPLOGOM.2AZBRILHANTE;35/36;7909989676967
SAND.HAV.TOPLOGOM.2AZBRILHANTE;37/38;7909989676974
SAND.HAV.TOPLOGOM.2AZBRILHANTE;39/40;7909989676981
SAND.HAV.TOPLOGOM.2AZBRILHANTE;41/42;7909989676998
SAND.HAV.TOPLOGOM.2AZBRILHANTE;43/44;7909989677001
SAND.HAV.TOPLOGOM.2BCO/PTO/BCO;33/34;7909989155479
SAND.HAV.TOPLOGOM.2BCO/PTO/BCO;35/36;7909989155486
SAND.HAV.TOPLOGOM.2BCO/PTO/BCO;37/38;7909989155493
SAND.HAV.TOPLOGOM.2BCO/PTO/BCO;39/40;7909989155509
SAND.HAV.TOPLOGOM.2BCO/PTO/BCO;41/42;7909989155516
SAND.HAV.TOPLOGOM.2BCO/PTO/BCO;43/44;7909989159743
SAND.HAV.TOPLOGOM.2BCO/PTO/BCO;45/46;7909989159750
SAND.HAV.TOPMARVELCLASS.BGPAL/PT;35/6;7909989806654
SAND.HAV.TOPMARVELCLASS.BGPAL/PT;37/8;7909989806661
SAND.HAV.TOPMARVELCLASS.BGPAL/PT;39/0;7909989806678
SAND.HAV.TOPMARVELCLASS.BGPAL/PT;41/2;7909989806685
SAND.HAV.TOPMARVELCLASS.BGPAL/PT;43/4;7909989806692
SAND.HAV.TOPMARV.LOGOMBGPALH/MAR;37/8;7909989419571
SAND.HAV.TOPMARV.LOGOMBGPALH/MAR;39/0;7909989419588
SAND.HAV.TOPMARV.LOGOMBGPALH/MAR;43/4;7909989419601
SAND.HAV.TOPMARV.LOGOMVMRUBI/PTO;35/6;7909989419519
SAND.HAV.TOPMARV.LOGOMVMRUBI/PTO;37/8;7909989419526
SAND.HAV.TOPMAXCONF.BCO/BCO/AZUL;37/38;7909989670095
SAND.HAV.TOPMAXCONF.BCO/BCO/AZUL;39/40;7909989670101
SAND.HAV.TOPMAXCONF.BCO/BCO/AZUL;41/42;7909989670118
SAND.HAV.TOPMAXCONF.BCO/BCO/AZUL;43/44;7909989670125
SAND.HAV.TOPMAXCONF.BCO/BCO/AZUL;45/46;7909989670132
SAND.HAV.TOPMAXCONF.CINZAACO;41/42;7909843593027
SAND.HAV.TOPMAXCONF.CINZAACO;43/44;7909843593034
SAND.HAV.TOPMAXCONF.CZGEL/CZ;37/8;7909989670149
SAND.HAV.TOPMAXCONF.CZGEL/CZ;39/0;7909989670156
SAND.HAV.TOPMAXCONF.CZGEL/CZ;41/2;7909989670163
SAND.HAV.TOPMAXCONF.CZGEL/CZ;43/4;7909989670170
SAND.HAV.TOPMAXCONF.MARINHO;39/40;7909843592891
SAND.HAV.TOPMAXCONF.MARINHO;41/42;7909843592907
SAND.HAV.TOPMAXCONF.PRETO;37/38;7909843592822
SAND.HAV.TOPMAXCONF.PRETO;39/40;7909843592839
SAND.HAV.TOPMAXCONF.PRETO;41/42;7909843592846
SAND.HAV.TOPMAXCONF.PRETO;43/44;7909843592853
SAND.HAV.TOPMAXSTREETAZUL;43/44;7909690220022
SAND.HAV.TOPMAXSTREETFIG.MARINHO;43/4;7893249777115
SAND.HAV.TOPNARUTOAREIA/AREIA;35/36;7909989807880
SAND.HAV.TOPNARUTOAREIA/AREIA;37/38;7909989807897
SAND.HAV.TOPNARUTOAREIA/AREIA;39/40;7909989807903
SAND.HAV.TOPNARUTOAREIA/AREIA;41/42;7909989807910
SAND.HAV.TOPNARUTOAREIA/AREIA;43/44;7909989807927
SAND.HAV.TOPNARUTONVGRAF/CZ;35/36;7909989807934
SAND.HAV.TOPNARUTONVGRAF/CZ;37/38;7909989807941
SAND.HAV.TOPNARUTONVGRAF/CZ;39/40;7909989807958
SAND.HAV.TOPNARUTONVGRAF/CZ;41/42;7909989807965
SAND.HAV.TOPNARUTONVGRAF/CZ;43/44;7909989807972
SAND.HAV.TOPNAUT.BCO/BCO/MAR;37/38;7909843883951
SAND.HAV.TOPNAUT.BCO/BCO/MAR;39/40;7909843883968
SAND.HAV.TOPNAUT.BCO/BCO/MAR;43/44;7909843883982
SAND.HAV.TOPNAUT.BCO/MAR/VMAPACH;37/38;7909989655184
SAND.HAV.TOPNAUT.BCO/MAR/VMAPACH;39/40;7909989655191
SAND.HAV.TOPNAUT.BCO/MAR/VMAPACH;41/42;7909989655207
SAND.HAV.TOPNAUT.BCO/MAR/VMAPACH;43/44;7909989655214
SAND.HAV.TOPNAUT.BGPALHA/MAR/VER;43/44;7909843883920
SAND.HAV.TOPNAUT.MAR/MAR/BCO;37/38;7909989655139
SAND.HAV.TOPNAUT.MAR/MAR/BCO;43/44;7909989655160
SAND.HAV.TOPNAUT.MAR/VERM.RUBI;37/38;7909989724309
SAND.HAV.TOPNAUT.MAR/VERM.RUBI;39/40;7909989724316
SAND.HAV.TOPNAUT.MAR/VERM.RUBI;41/42;7909989724323
SAND.HAV.TOPNAUT.MAR/VERM.RUBI;43/44;7909989724330
SAND.HAV.TOPPOSTCARDAM.POP;43/44;7909989138663
SAND.HAV.TOPSUMMERVIBESBUTTERC;33/34;7909989870235
SAND.HAV.TOPSUMMERVIBESBUTTERC;35/36;7909989870242
SAND.HAV.TOPSUMMERVIBESBUTTERC;37/38;7909989870259
SAND.HAV.TOPSUMMERVIBESBUTTERC;39/40;7909989870266
SAND.HAV.TOPSUMMERVIBESPESSEGO;33/34;7909989870136
SAND.HAV.TOPSUMMERVIBESPESSEGO;35/36;7909989870143
SAND.HAV.TOPSUMMERVIBESPESSEGO;37/38;7909989870150
SAND.HAV.TOPSUMMERVIBESPESSEGO;39/40;7909989870167
SAND.HAV.TOPSUMMERVIBESPESSEGO;41/42;7909989870174
SAND.HAV.TOPSURFERAZLAVANDA;37/38;7909989711583
SAND.HAV.TOPSURFERAZLAVANDA;39/40;7909989711590
SAND.HAV.TOPSURFERAZLAVANDA;41/42;7909989711606
SAND.HAV.TOPSURFERAZLAVANDA;43/44;7909989711613
SAND.HAV.TOPSURFERBC/BC/AZ;39/40;7909989559062
SAND.HAV.TOPSURFERBC/BC/AZ;41/42;7909989559079
SAND.HAV.TOPSURFERBCO/BCO;37/38;7909989711538
SAND.HAV.TOPSURFERBCO/BCO;39/40;7909989711545
SAND.HAV.TOPSURFERBCO/BCO;41/42;7909989711552
SAND.HAV.TOPSURFERBCO/BCO;43/44;7909989711569
SAND.HAV.TOPSURFERCZACO/PT/LAR;37/8;7909989711637
SAND.HAV.TOPSURFERCZACO/PT/LAR;39/0;7909989711644
SAND.HAV.TOPSURFERCZACO/PT/LAR;41/2;7909989711651
SAND.HAV.TOPSURFERCZACO/PT/LAR;43/4;7909989711668
SAND.HAV.TOPSURFERN.GRAF/N.GRAF;37/8;7909989559116
SAND.HAV.TOPSURFERN.GRAF/N.GRAF;39/0;7909989559123
SAND.HAV.TOPSURFERN.GRAF/N.GRAF;41/2;7909989559130
SAND.HAV.TOPSURFERN.GRAF/N.GRAF;43/4;7909989559147
SAND.HAV.TOPSURFERVDOLIVE;37/38;7909989558997
SAND.HAV.TOPSURFERVDOLIVE;39/40;7909989559000
SAND.HAV.TOPSURFERVDOLIVE;41/42;7909989559017
SAND.HAV.TOPSURFERVDOLIVE;43/44;7909989559024
SAND.HAV.TOPWARNERLOGOM.BC/AZ;35/36;7909989766750
SAND.HAV.TOPWARNERLOGOM.BC/AZ;37/38;7909989766767
SAND.HAV.TOPWARNERLOGOM.BC/AZ;39/40;7909989766774
SAND.HAV.TOPWARNERLOGOM.BC/AZ;41/42;7909989766781
SAND.HAV.TOPWARNERLOGOM.BC/AZ;43/44;7909989766798
SAND.HAV.TRACKGOCINZAGELO;37/38;7909989680667
SAND.HAV.TRACKGOCINZAGELO;39/40;7909989680674
SAND.HAV.TRACKGOCINZAGELO;41/42;7909989680681
SAND.HAV.TRACKGOCINZAGELO;43/44;7909989680698
SAND.HAV.TRACKGOMARINHO;37/38;7909989680605
SAND.HAV.TRACKGOMARINHO;39/40;7909989680612
SAND.HAV.TRACKGOMARINHO;41/42;7909989680629
SAND.HAV.TRACKGOMARINHO;43/44;7909989680636
SAND.HAV.TRACKGOMARINHO;45/46;7909989680643
SAND.HAV.TRACKGOPRETO;37/38;7909989680544
SAND.HAV.TRACKGOPRETO;39/40;7909989680551
SAND.HAV.TRACKGOPRETO;41/42;7909989680568
SAND.HAV.TRACKGOPRETO;43/44;7909989680575
SAND.HAV.TRACKWAVESBRANCO;37/38;7909989912607
SAND.HAV.TRACKWAVESBRANCO;39/40;7909989912614
SAND.HAV.TRACKWAVESBRANCO;41/42;7909989912621
SAND.HAV.TRACKWAVESBRANCO;43/44;7909989912638
SAND.HAV.TRACKWAVESCINZAGELO;37/38;7909989912720
SAND.HAV.TRACKWAVESCINZAGELO;39/40;7909989912737
SAND.HAV.TRACKWAVESCINZAGELO;41/42;7909989912744
SAND.HAV.TRACKWAVESCINZAGELO;43/44;7909989912751
SAND.HAV.TRACKWAVESPRETO;37/38;7909989912669
SAND.HAV.TRACKWAVESPRETO;39/40;7909989912676
SAND.HAV.TRACKWAVESPRETO;41/42;7909989912683
SAND.HAV.TRACKWAVESPRETO;43/44;7909989912690
SAND.HAV.TRACKWAVESVDOLIVA;39/40;7909989912799
SAND.HAV.TRACKWAVESWILDLIME;37/38;7909989680964
SAND.HAV.TRACKWAVESWILDLIME;39/40;7909989680971
SAND.HAV.TRACKWAVESWILDLIME;41/42;7909989680988
SAND.HAV.TRACKWAVESWILDLIME;43/44;7909989680995
SAND.HAV.TRAD.AZUL;33/34;7891109146354
SAND.HAV.TRAD.AZUL;35/36;7891109146361
SAND.HAV.TRAD.AZUL;37/38;7891109146378
SAND.HAV.TRAD.AZUL;39/40;7891109146385
SAND.HAV.TRAD.AZUL;41/42;7891109146392
SAND.HAV.TRAD.AZUL;43/44;7891109146408
SAND.HAV.TRAD.PRETO;35/36;7891109146583
SAND.HAV.TRAD.PRETO;37/38;7891109146590
SAND.HAV.TRAD.PRETO;39/40;7891109146606
SAND.HAV.TRAD.PRETO;41/42;7891109146613
SAND.HAV.TRAD.PRETO;43/44;7891109146620
SAND.HAV.TRENDPRETO/CINZAACO;37/38;7909989059241
SAND.HAV.TRENDPTO/PTO/CZACO;45/46;7909989065877
SAND.HAV.TRENDVENTO;37/38;7909989059180
SAND.HAV.TUBEBRISALILAS;33/34;7909989384817
SAND.HAV.TUBEBRISALILAS;39/40;7909989384848
SAND.HAV.TUBEDOURADO;33/34;7909989394151
SAND.HAV.TUBEPINKLIMONADE;33/34;7909989384763
SAND.HAV.TUBEPINKLIMONADE;39/40;7909989384794
SAND.HAV.TUBEPRETO;33/34;7909989384664
SAND.HAV.URBANBASICMAT.AREIA;37/38;7909843434610
SAND.HAV.URBANBASICMAT.AREIA;39/40;7909843434627
SAND.HAV.URBANBASICMAT.AREIA;41/42;7909843434634
SAND.HAV.URBANBASICMAT.AREIA;43/44;7909843434641
SAND.HAV.URBANBASICMAT.CAFE/CAFE;37/38;7909989657713
SAND.HAV.URBANBASICMAT.CAFE/CAFE;39/40;7909989657720
SAND.HAV.URBANBASICMAT.CAFE/CAFE;41/42;7909989657737
SAND.HAV.URBANBASICMAT.PRETO;37/38;7909843434542
SAND.HAV.URBANBASICMAT.PRETO;39/40;7909843434559
SAND.HAV.URBANBASICMAT.PRETO;41/42;7909843434566
SAND.HAV.URBANBASICMAT.PRETO;43/44;7909843434573
SAND.HAV.URBANPRINTBCO/AZINDIGO;37/38;7909989813980
SAND.HAV.URBANPRINTBCO/AZINDIGO;39/40;7909989813997
SAND.HAV.URBANPRINTBCO/AZINDIGO;41/42;7909989814000
SAND.HAV.URBANPRINTBCO/AZINDIGO;43/44;7909989814017
SAND.HAV.URBANPRINTCZACO/PTO;37/38;7909989813935
SAND.HAV.URBANPRINTCZACO/PTO;39/40;7909989813942
SAND.HAV.URBANPRINTCZACO/PTO;41/42;7909989813959
SAND.HAV.URBANPRINTCZACO/PTO;43/44;7909989813966
SAND.HAV.YOUANGRAARGILA;37/38;7909690961406
SAND.HAV.YOUANGRARXPRISMA;37/38;7909690961352
SAND.HAV.YOUSTTROPEZBG.PALHA/MAR;39/40;7909690503460
SAND.HAV.YOUSTTROPEZLAR.CITRUS;39/40;7909690503415
SAND.HAV.YOUSTTROPEZMARINHO;39/40;7909843421979
SAND.HAV.YOUSTTROPEZPURPURA;33/34;7909690503330
SAND.HAV.YOUTRANCOSOPRETO;35/36;7893249967875
